{"cameraMode":{"drawMode":0,"name":"Shaded","section":"Shading Mode"},"sceneLighting":false,"audioPlay":false,"sceneViewState":{"m_AlwaysRefresh":false,"showFog":true,"showSkybox":true,"showFlares":true,"showImageEffects":true,"showParticleSystems":true,"showVisualEffectGraphs":true,"m_FxEnabled":false},"in2DMode":false,"pivot":{"x":0.15770994126796723,"y":-0.41858911514282229,"z":-5.333559036254883},"rotation":{"x":-0.046731360256671908,"y":-0.025258967652916909,"z":0.0011814655736088753,"w":-0.9985857605934143},"size":2.1669929027557375,"orthographic":false}